product_id,product_name,category,price
1,Others,Health & Personal Care,341.0
2,Tree,Health & Personal Care,258.92
3,Fly,Clothing,443.47
4,See,Clothing,366.71
5,Once,Books,400.38
6,Place,Electronics,116.41
7,Fund,Books,103.73
8,Hit,Books,91.78
9,Walk,Health & Personal Care,318.62
10,Audience,Books,428.88
11,Rise,Books,130.62
12,Way,Health & Personal Care,477.47
13,Join,Electronics,306.41
14,Action,Books,417.55
15,Employee,Clothing,482.2
16,Much,Electronics,23.15
17,Stay,Clothing,233.46
18,Final,Electronics,169.02
19,Carry,Health & Personal Care,276.54
20,Republican,Clothing,375.52
21,Laugh,Health & Personal Care,410.85
22,Subject,Health & Personal Care,118.92
23,Debate,Books,340.29
24,Myself,Books,391.47
25,Discover,Home & Kitchen,455.66
26,Movie,Home & Kitchen,479.99
27,Or,Electronics,443.0
28,Career,Health & Personal Care,478.6
29,Suddenly,Health & Personal Care,458.66
30,Situation,Books,428.9
31,Among,Home & Kitchen,57.26
32,Quite,Home & Kitchen,197.0
33,Five,Clothing,462.87
34,Deep,Books,434.2
35,Physical,Health & Personal Care,167.46
36,Deep,Home & Kitchen,156.39
37,Environment,Clothing,159.68
38,Wall,Books,135.84
39,Blue,Home & Kitchen,137.47
40,Easy,Health & Personal Care,379.5
41,Pass,Electronics,394.16
42,Sometimes,Home & Kitchen,246.88
43,Newspaper,Clothing,453.46
44,Always,Books,162.66
45,Keep,Health & Personal Care,316.42
46,Hair,Health & Personal Care,336.17
47,This,Electronics,196.08
48,Education,Books,393.68
49,Thank,Health & Personal Care,457.15
50,Step,Home & Kitchen,63.27
51,Environment,Home & Kitchen,463.21
52,Decade,Health & Personal Care,366.76
53,Number,Electronics,85.84
54,Prove,Clothing,302.3
55,Both,Books,122.23
56,Network,Health & Personal Care,302.07
57,Race,Clothing,40.9
58,Painting,Clothing,131.89
59,Sister,Electronics,213.61
60,Play,Electronics,122.39
61,He,Health & Personal Care,368.09
62,Expert,Electronics,106.18
63,Woman,Books,227.84
64,Hear,Home & Kitchen,374.1
65,Physical,Books,208.02
66,Spend,Home & Kitchen,225.55
67,Newspaper,Health & Personal Care,393.7
68,Anyone,Books,16.44
69,Near,Clothing,410.33
70,Property,Clothing,108.69
71,Finish,Health & Personal Care,99.09
72,Place,Home & Kitchen,482.38
73,Large,Health & Personal Care,256.93
74,Back,Electronics,483.96
75,This,Books,303.51
76,Cost,Electronics,173.79
77,Former,Clothing,57.48
78,Break,Books,317.04
79,Once,Home & Kitchen,146.42
80,Although,Home & Kitchen,51.17
81,Bring,Electronics,154.23
82,Successful,Books,113.11
83,Yet,Clothing,223.27
84,Ball,Electronics,215.07
85,Task,Books,486.49
86,Author,Electronics,81.86
87,Candidate,Health & Personal Care,303.17
88,Outside,Books,468.93
89,True,Electronics,345.41
90,The,Electronics,93.14
91,Movie,Clothing,431.64
92,Energy,Books,69.49
93,Huge,Clothing,391.03
94,Message,Clothing,214.71
95,Raise,Health & Personal Care,466.48
96,Add,Home & Kitchen,109.69
97,At,Home & Kitchen,169.81
98,Agent,Home & Kitchen,426.15
99,Quality,Clothing,51.55
100,Painting,Home & Kitchen,93.15
101,Great,Electronics,483.41
102,Out,Books,88.65
103,Religious,Electronics,270.27
104,Again,Books,458.61
105,Who,Books,412.73
106,Worker,Health & Personal Care,474.63
107,So,Home & Kitchen,343.81
108,Move,Books,262.42
109,Case,Home & Kitchen,368.74
110,Point,Clothing,426.95
111,What,Books,138.31
112,Result,Electronics,425.59
113,Best,Electronics,124.33
114,Brother,Clothing,326.18
115,Throw,Clothing,82.85
116,Along,Electronics,42.99
117,During,Electronics,297.66
118,Woman,Electronics,271.58
119,Thought,Health & Personal Care,33.66
120,True,Health & Personal Care,25.03
121,Out,Health & Personal Care,465.78
122,Stuff,Health & Personal Care,103.81
123,Society,Clothing,385.2
124,Better,Electronics,154.57
125,Garden,Clothing,84.76
126,Quality,Health & Personal Care,383.35
127,Table,Home & Kitchen,446.75
128,Season,Clothing,107.62
129,Test,Clothing,377.03
130,Court,Clothing,226.04
131,Fall,Clothing,402.24
132,Shake,Health & Personal Care,228.65
133,Low,Health & Personal Care,398.67
134,For,Home & Kitchen,95.33
135,Herself,Books,308.67
136,Road,Health & Personal Care,431.88
137,Listen,Clothing,442.86
138,No,Electronics,309.11
139,Respond,Home & Kitchen,99.04
140,Mother,Clothing,317.61
141,Security,Books,108.73
142,Have,Electronics,94.78
143,Including,Health & Personal Care,484.92
144,Amount,Clothing,387.72
145,Population,Electronics,191.07
146,Sister,Health & Personal Care,55.56
147,Western,Home & Kitchen,67.6
148,Ok,Health & Personal Care,424.38
149,Same,Home & Kitchen,260.28
150,This,Clothing,304.49
151,Say,Clothing,333.65
152,Local,Books,423.68
153,Into,Books,125.72
154,Father,Home & Kitchen,361.17
155,Nothing,Health & Personal Care,229.75
156,Front,Health & Personal Care,235.11
157,Name,Clothing,261.39
158,Level,Health & Personal Care,272.9
159,Standard,Electronics,385.14
160,Majority,Clothing,170.62
161,Growth,Clothing,191.21
162,Account,Health & Personal Care,300.36
163,Computer,Home & Kitchen,171.85
164,Believe,Health & Personal Care,257.52
165,Such,Clothing,445.13
166,Character,Electronics,328.01
167,Factor,Books,221.24
168,Be,Books,106.17
169,Stay,Clothing,117.07
170,Because,Books,140.7
171,Him,Health & Personal Care,499.62
172,Away,Electronics,313.8
173,Unit,Health & Personal Care,92.77
174,Last,Home & Kitchen,226.33
175,Read,Health & Personal Care,425.96
176,Consumer,Clothing,43.2
177,Evening,Clothing,341.07
178,Model,Electronics,234.26
179,Its,Home & Kitchen,356.71
180,After,Books,20.86
181,Skin,Clothing,88.47
182,On,Books,23.41
183,Safe,Books,135.46
184,Discuss,Clothing,426.64
185,Just,Clothing,258.82
186,Detail,Electronics,130.97
187,Especially,Electronics,255.8
188,Hard,Books,103.81
189,Visit,Books,360.82
190,By,Home & Kitchen,288.99
191,Like,Electronics,178.76
192,Factor,Electronics,265.01
193,Full,Health & Personal Care,435.63
194,Option,Home & Kitchen,475.29
195,Should,Books,156.81
196,Follow,Electronics,348.77
197,Gun,Health & Personal Care,396.38
198,Easy,Electronics,179.25
199,Identify,Health & Personal Care,404.03
200,Sometimes,Clothing,223.96
201,Create,Health & Personal Care,449.46
202,Argue,Home & Kitchen,347.34
203,Learn,Electronics,152.57
204,Past,Home & Kitchen,35.72
205,Term,Electronics,206.05
206,Player,Home & Kitchen,266.63
207,Way,Electronics,173.02
208,Activity,Electronics,175.72
209,Approach,Home & Kitchen,466.79
210,Reflect,Health & Personal Care,50.52
211,Think,Electronics,452.11
212,Today,Clothing,365.37
213,Generation,Electronics,349.76
214,Red,Books,255.13
215,Girl,Home & Kitchen,490.8
216,Hundred,Books,335.27
217,Serious,Books,208.0
218,All,Clothing,38.3
219,While,Books,369.7
220,Point,Electronics,411.42
221,Office,Home & Kitchen,75.14
222,Grow,Clothing,376.38
223,Professional,Home & Kitchen,394.89
224,Tree,Health & Personal Care,219.42
225,Do,Home & Kitchen,96.33
226,Call,Home & Kitchen,498.44
227,Once,Health & Personal Care,217.06
228,Structure,Electronics,450.6
229,Reach,Electronics,448.49
230,Turn,Health & Personal Care,133.15
231,Ever,Clothing,96.05
232,Almost,Books,142.94
233,Get,Home & Kitchen,19.28
234,Loss,Clothing,393.89
235,Task,Clothing,461.92
236,Anything,Health & Personal Care,289.37
237,Former,Books,420.94
238,Degree,Clothing,284.93
239,Able,Clothing,313.58
240,Today,Health & Personal Care,194.32
241,Really,Home & Kitchen,228.37
242,Allow,Clothing,364.55
243,Ball,Health & Personal Care,88.82
244,Actually,Home & Kitchen,114.83
245,Who,Electronics,330.08
246,Enter,Home & Kitchen,20.74
247,Remember,Health & Personal Care,417.02
248,Boy,Home & Kitchen,198.99
249,Face,Health & Personal Care,462.74
250,Safe,Books,122.95
251,Operation,Home & Kitchen,229.96
252,Impact,Books,402.0
253,Large,Electronics,483.27
254,Market,Books,14.24
255,Which,Electronics,43.67
256,Wife,Home & Kitchen,156.54
257,Indicate,Electronics,232.58
258,Until,Electronics,404.09
259,Process,Clothing,294.02
260,Improve,Electronics,182.9
261,Animal,Clothing,301.97
262,Film,Electronics,89.3
263,Every,Clothing,172.33
264,On,Home & Kitchen,279.59
265,Data,Home & Kitchen,456.78
266,School,Electronics,161.96
267,Situation,Books,47.75
268,Style,Electronics,447.32
269,Ahead,Books,252.46
270,Whom,Clothing,191.65
271,Back,Electronics,181.87
272,Use,Home & Kitchen,462.92
273,Recognize,Home & Kitchen,265.56
274,Prepare,Health & Personal Care,371.4
275,Congress,Clothing,377.48
276,Air,Health & Personal Care,54.99
277,List,Clothing,274.33
278,Able,Clothing,43.96
279,Expect,Clothing,51.44
280,Short,Clothing,348.22
281,Catch,Clothing,16.07
282,And,Health & Personal Care,362.24
283,Subject,Books,373.03
284,Star,Health & Personal Care,261.38
285,Miss,Clothing,210.31
286,Food,Health & Personal Care,463.84
287,Eye,Home & Kitchen,36.47
288,Husband,Electronics,303.94
289,What,Clothing,113.36
290,Cover,Health & Personal Care,26.99
291,Affect,Electronics,231.46
292,Thing,Electronics,289.87
293,Crime,Clothing,230.62
294,Realize,Electronics,95.59
295,Old,Clothing,120.45
296,Stay,Home & Kitchen,244.07
297,Support,Health & Personal Care,14.43
298,Thank,Clothing,329.85
299,Company,Clothing,34.06
300,Student,Health & Personal Care,387.72
301,Board,Electronics,488.67
302,Ground,Health & Personal Care,199.93
303,More,Electronics,366.6
304,Great,Books,361.16
305,Either,Home & Kitchen,488.55
306,Lead,Books,52.68
307,Increase,Clothing,78.02
308,Force,Electronics,84.82
309,Quite,Books,263.04
310,Shoulder,Home & Kitchen,97.18
311,Those,Clothing,49.05
312,Small,Home & Kitchen,30.81
313,Else,Books,332.38
314,Leader,Health & Personal Care,114.82
315,Race,Health & Personal Care,227.1
316,Color,Books,473.32
317,Really,Clothing,315.89
318,Will,Electronics,106.26
319,Dog,Clothing,358.3
320,Its,Health & Personal Care,485.68
321,Personal,Books,414.79
322,Any,Books,128.4
323,This,Electronics,440.69
324,Impact,Books,411.38
325,Consider,Books,440.88
326,Newspaper,Electronics,272.71
327,Course,Health & Personal Care,269.95
328,Success,Health & Personal Care,253.81
329,Central,Health & Personal Care,213.73
330,Of,Home & Kitchen,124.34
331,Its,Health & Personal Care,83.54
332,Service,Clothing,220.23
333,Difference,Clothing,82.23
334,Raise,Health & Personal Care,302.23
335,Central,Clothing,440.91
336,Official,Electronics,439.29
337,Collection,Books,217.47
338,Wide,Health & Personal Care,334.32
339,Week,Health & Personal Care,387.97
340,Green,Clothing,339.8
341,It,Electronics,95.76
342,Ability,Electronics,245.89
343,Strong,Electronics,472.23
344,Federal,Clothing,19.77
345,Physical,Home & Kitchen,113.07
346,End,Home & Kitchen,199.49
347,Base,Clothing,343.41
348,Determine,Clothing,5.29
349,Win,Books,194.93
350,Suddenly,Health & Personal Care,54.06
351,Enter,Books,429.03
352,Ahead,Home & Kitchen,333.68
353,Case,Books,428.2
354,One,Clothing,52.84
355,Option,Health & Personal Care,256.42
356,Water,Health & Personal Care,79.5
357,Power,Electronics,206.63
358,Measure,Health & Personal Care,399.25
359,Control,Electronics,441.58
360,Main,Health & Personal Care,234.82
361,Specific,Home & Kitchen,326.82
362,Fact,Health & Personal Care,430.63
363,Save,Health & Personal Care,254.57
364,Benefit,Clothing,369.6
365,Particular,Home & Kitchen,363.59
366,Enjoy,Home & Kitchen,81.44
367,World,Clothing,237.67
368,Tonight,Home & Kitchen,416.44
369,Name,Electronics,25.28
370,Challenge,Books,127.18
371,Teacher,Health & Personal Care,145.43
372,Marriage,Electronics,82.94
373,Than,Books,489.2
374,Million,Books,77.61
375,Pm,Home & Kitchen,97.27
376,Whether,Electronics,449.04
377,See,Clothing,364.0
378,Last,Health & Personal Care,230.06
379,Floor,Electronics,489.16
380,Feeling,Electronics,454.77
381,Whether,Health & Personal Care,188.93
382,Mr,Home & Kitchen,166.53
383,Sign,Clothing,7.0
384,Recent,Clothing,35.95
385,Stop,Electronics,340.11
386,Late,Health & Personal Care,230.67
387,Spend,Clothing,99.9
388,Thank,Clothing,394.38
389,Popular,Home & Kitchen,361.65
390,Front,Health & Personal Care,367.38
391,Can,Home & Kitchen,36.7
392,Live,Health & Personal Care,69.89
393,Performance,Health & Personal Care,43.0
394,Wall,Health & Personal Care,488.51
395,Trial,Books,164.8
396,Need,Books,255.84
397,Rich,Clothing,109.94
398,Produce,Clothing,57.35
399,Option,Books,490.16
400,Yard,Home & Kitchen,381.95
401,Dream,Home & Kitchen,67.07
402,South,Health & Personal Care,141.01
403,Provide,Clothing,274.7
404,Mean,Home & Kitchen,248.02
405,Well,Books,42.7
406,Material,Home & Kitchen,366.84
407,How,Health & Personal Care,472.46
408,Instead,Clothing,149.74
409,Hospital,Clothing,303.29
410,Different,Books,300.75
411,City,Books,103.62
412,Bank,Home & Kitchen,431.42
413,List,Home & Kitchen,480.28
414,Environmental,Books,337.73
415,Bad,Electronics,443.71
416,Inside,Home & Kitchen,227.9
417,Nature,Electronics,212.3
418,Science,Electronics,259.36
419,War,Electronics,27.3
420,Standard,Home & Kitchen,236.54
421,Simple,Home & Kitchen,330.66
422,Fish,Clothing,34.1
423,Toward,Health & Personal Care,457.31
424,Fine,Home & Kitchen,352.87
425,Meeting,Books,485.25
426,On,Clothing,208.36
427,Indeed,Clothing,441.07
428,Information,Home & Kitchen,481.55
429,Company,Electronics,357.99
430,Hold,Books,221.48
431,Or,Electronics,316.22
432,However,Books,76.07
433,Sell,Clothing,167.15
434,Adult,Electronics,228.24
435,Coach,Books,222.48
436,The,Clothing,269.79
437,Dinner,Books,420.45
438,Agree,Clothing,332.84
439,Ten,Electronics,148.52
440,Kitchen,Health & Personal Care,485.37
441,Beautiful,Health & Personal Care,491.76
442,Happy,Clothing,290.6
443,Loss,Books,398.08
444,West,Electronics,327.94
445,Agent,Electronics,22.8
446,Into,Home & Kitchen,272.04
447,Quality,Books,219.7
448,Catch,Electronics,447.93
449,Time,Books,314.01
450,Her,Home & Kitchen,348.48
451,Ready,Home & Kitchen,15.95
452,Feeling,Clothing,413.69
453,Feeling,Health & Personal Care,334.14
454,Positive,Clothing,100.75
455,Huge,Books,226.01
456,Entire,Clothing,413.79
457,Science,Clothing,299.67
458,More,Electronics,254.94
459,Someone,Electronics,76.18
460,Certain,Clothing,29.55
461,Allow,Electronics,142.26
462,Rise,Clothing,481.47
463,Return,Books,212.55
464,Space,Home & Kitchen,377.18
465,Hand,Health & Personal Care,408.55
466,Meet,Home & Kitchen,225.01
467,Within,Clothing,214.4
468,Like,Clothing,69.54
469,Generation,Home & Kitchen,31.62
470,Stuff,Books,15.65
471,Nice,Home & Kitchen,142.23
472,Many,Health & Personal Care,163.84
473,Case,Electronics,215.31
474,Or,Health & Personal Care,419.14
475,Help,Health & Personal Care,166.72
476,Hour,Home & Kitchen,247.6
477,Learn,Clothing,353.05
478,Mention,Books,93.48
479,Smile,Books,37.07
480,Kitchen,Books,75.99
481,You,Books,414.3
482,Other,Home & Kitchen,487.67
483,Account,Health & Personal Care,290.36
484,Build,Clothing,222.3
485,Produce,Electronics,313.05
486,Director,Electronics,412.57
487,Set,Health & Personal Care,217.27
488,Western,Health & Personal Care,399.43
489,Wind,Books,118.72
490,Above,Clothing,44.91
491,Stage,Electronics,202.58
492,Join,Electronics,281.89
493,Worker,Home & Kitchen,359.02
494,Reveal,Clothing,346.37
495,Reveal,Electronics,42.99
496,Likely,Health & Personal Care,124.35
497,Human,Health & Personal Care,325.81
498,Center,Clothing,404.88
499,Memory,Clothing,159.9
500,Become,Clothing,372.36
501,Culture,Books,268.29
502,Voice,Electronics,241.86
503,Could,Books,189.88
504,Position,Books,82.4
505,On,Clothing,387.15
506,Bit,Home & Kitchen,26.29
507,Middle,Books,115.14
508,Sure,Books,310.18
509,Song,Books,345.14
510,Try,Electronics,493.53
511,Approach,Books,163.96
512,Bed,Clothing,277.78
513,Receive,Home & Kitchen,217.66
514,Staff,Clothing,109.0
515,Onto,Electronics,465.68
516,Force,Clothing,104.77
517,Third,Books,94.02
518,Method,Home & Kitchen,340.26
519,Always,Books,256.96
520,Sing,Books,427.76
521,Magazine,Health & Personal Care,165.31
522,Kid,Health & Personal Care,451.17
523,Investment,Home & Kitchen,218.12
524,Air,Electronics,495.61
525,Rise,Health & Personal Care,31.55
526,Paper,Books,286.75
527,Pass,Clothing,235.16
528,Someone,Clothing,246.37
529,Discover,Clothing,192.25
530,Test,Home & Kitchen,13.77
531,Do,Clothing,347.26
532,Investment,Clothing,277.58
533,Probably,Health & Personal Care,498.61
534,Get,Books,40.69
535,Father,Health & Personal Care,347.61
536,Travel,Home & Kitchen,370.22
537,Knowledge,Health & Personal Care,107.67
538,Including,Health & Personal Care,375.92
539,Figure,Books,184.91
540,Certain,Health & Personal Care,39.91
541,Including,Health & Personal Care,363.58
542,Design,Electronics,164.8
543,Agency,Books,362.48
544,Wear,Books,96.0
545,Ready,Books,25.33
546,Produce,Health & Personal Care,457.79
547,Carry,Health & Personal Care,293.47
548,Natural,Home & Kitchen,55.98
549,Pattern,Books,216.68
550,Question,Electronics,357.4
551,Too,Health & Personal Care,353.04
552,Share,Books,117.75
553,Such,Home & Kitchen,245.42
554,Really,Books,315.82
555,Research,Health & Personal Care,471.98
556,Simple,Books,360.0
557,System,Home & Kitchen,267.91
558,To,Electronics,24.02
559,Fly,Home & Kitchen,65.64
560,Space,Health & Personal Care,254.45
561,Very,Clothing,445.04
562,Enjoy,Electronics,491.38
563,Town,Electronics,354.26
564,Around,Health & Personal Care,214.05
565,Bring,Health & Personal Care,425.07
566,Life,Clothing,374.63
567,Like,Electronics,482.2
568,Because,Books,477.21
569,Thank,Health & Personal Care,33.63
570,Off,Electronics,414.16
571,Prove,Electronics,470.21
572,Employee,Books,358.25
573,Past,Books,188.9
574,Agency,Books,108.82
575,Exist,Home & Kitchen,31.0
576,Run,Health & Personal Care,342.53
577,Traditional,Health & Personal Care,70.66
578,Amount,Books,423.72
579,Somebody,Electronics,330.36
580,Goal,Clothing,432.74
581,Peace,Home & Kitchen,414.71
582,Teach,Health & Personal Care,35.94
583,We,Electronics,271.92
584,Teacher,Books,63.26
585,History,Books,460.7
586,Computer,Clothing,211.08
587,Air,Books,239.96
588,Head,Clothing,404.15
589,Sometimes,Books,496.29
590,Build,Health & Personal Care,112.15
591,Vote,Electronics,28.16
592,Process,Health & Personal Care,474.01
593,Official,Books,269.36
594,Cost,Health & Personal Care,408.6
595,Order,Health & Personal Care,249.41
596,Fund,Books,217.56
597,Within,Home & Kitchen,386.49
598,Small,Electronics,442.97
599,Debate,Electronics,181.0
600,First,Home & Kitchen,50.62
601,Quite,Books,212.05
602,Quite,Health & Personal Care,79.62
603,While,Clothing,96.08
604,Himself,Electronics,343.57
605,Memory,Books,321.9
606,Doctor,Electronics,309.03
607,Color,Books,275.55
608,Action,Health & Personal Care,347.07
609,Training,Clothing,410.27
610,Cold,Books,188.83
611,Far,Health & Personal Care,373.81
612,Board,Electronics,398.54
613,Station,Health & Personal Care,368.72
614,Without,Home & Kitchen,110.77
615,Authority,Electronics,491.0
616,So,Home & Kitchen,167.79
617,Produce,Books,115.73
618,Into,Clothing,292.71
619,From,Electronics,94.19
620,Lawyer,Clothing,437.42
621,Parent,Clothing,236.81
622,Stop,Clothing,459.56
623,Fish,Electronics,381.04
624,Serve,Home & Kitchen,373.13
625,Agency,Books,31.58
626,Policy,Health & Personal Care,424.51
627,Story,Clothing,111.88
628,Still,Health & Personal Care,468.39
629,Go,Clothing,43.97
630,Center,Home & Kitchen,45.02
631,Push,Clothing,50.77
632,Must,Books,14.23
633,Both,Books,166.1
634,Important,Electronics,486.4
635,Whom,Electronics,130.1
636,Above,Health & Personal Care,483.79
637,Majority,Home & Kitchen,466.62
638,Peace,Books,13.92
639,Too,Electronics,67.27
640,Participant,Clothing,17.03
641,Family,Home & Kitchen,78.73
642,Each,Books,459.61
643,Once,Health & Personal Care,164.94
644,Inside,Clothing,177.94
645,Add,Health & Personal Care,86.3
646,Capital,Health & Personal Care,360.66
647,Stage,Books,461.33
648,Fine,Books,34.73
649,Million,Books,167.96
650,Same,Books,475.22
651,Front,Books,472.15
652,Painting,Books,272.66
653,Car,Home & Kitchen,357.37
654,Evening,Clothing,317.05
655,Many,Home & Kitchen,296.76
656,Deep,Clothing,340.84
657,Leader,Books,160.71
658,Girl,Clothing,366.2
659,Of,Health & Personal Care,418.55
660,Wall,Clothing,224.65
661,Sea,Electronics,459.73
662,Civil,Books,489.47
663,Model,Health & Personal Care,111.23
664,East,Clothing,487.24
665,Area,Books,151.39
666,Some,Electronics,219.18
667,Wrong,Books,446.31
668,Worker,Clothing,219.65
669,Different,Home & Kitchen,252.42
670,Consider,Health & Personal Care,326.53
671,Group,Home & Kitchen,374.45
672,Claim,Electronics,294.27
673,Prevent,Health & Personal Care,261.8
674,Prepare,Clothing,289.78
675,Consider,Home & Kitchen,344.03
676,Themselves,Books,409.93
677,Nearly,Electronics,453.46
678,Area,Books,364.67
679,More,Electronics,223.46
680,Reduce,Health & Personal Care,97.23
681,Itself,Health & Personal Care,398.48
682,Environment,Electronics,96.86
683,Change,Clothing,339.09
684,Politics,Health & Personal Care,216.48
685,Issue,Electronics,171.97
686,By,Electronics,324.28
687,Away,Electronics,381.76
688,Education,Books,365.77
689,Base,Clothing,223.17
690,Chair,Clothing,289.06
691,Personal,Health & Personal Care,371.18
692,Like,Electronics,72.4
693,Establish,Clothing,385.65
694,Central,Home & Kitchen,386.64
695,Clearly,Clothing,316.44
696,Small,Clothing,241.43
697,Radio,Health & Personal Care,354.2
698,Executive,Electronics,438.35
699,Cut,Books,372.32
700,Phone,Clothing,322.98
701,Along,Clothing,473.38
702,Year,Health & Personal Care,164.04
703,Specific,Clothing,219.35
704,See,Home & Kitchen,27.36
705,Clearly,Home & Kitchen,433.43
706,Man,Home & Kitchen,307.54
707,Cause,Books,16.69
708,Back,Clothing,374.14
709,Table,Clothing,383.89
710,Building,Home & Kitchen,18.03
711,Easy,Home & Kitchen,190.42
712,Until,Clothing,278.19
713,Military,Home & Kitchen,440.21
714,Take,Health & Personal Care,167.9
715,Radio,Home & Kitchen,130.87
716,Fall,Books,294.34
717,Region,Books,201.42
718,Son,Books,428.27
719,Perform,Electronics,216.83
720,Especially,Books,278.88
721,Term,Home & Kitchen,472.26
722,When,Home & Kitchen,361.0
723,Help,Books,325.96
724,Approach,Clothing,361.8
725,Despite,Clothing,216.62
726,Direction,Electronics,348.19
727,Really,Electronics,90.64
728,Focus,Home & Kitchen,100.42
729,Feeling,Books,316.21
730,Data,Health & Personal Care,390.68
731,Fine,Health & Personal Care,198.06
732,Local,Clothing,239.79
733,Range,Health & Personal Care,73.54
734,Read,Electronics,177.26
735,Decide,Electronics,179.47
736,Plant,Books,345.66
737,New,Electronics,481.91
738,Newspaper,Electronics,85.68
739,Well,Home & Kitchen,119.71
740,Help,Health & Personal Care,147.81
741,Item,Clothing,14.98
742,Include,Home & Kitchen,24.02
743,Learn,Electronics,464.75
744,May,Health & Personal Care,109.46
745,Leg,Electronics,229.32
746,Cut,Electronics,161.71
747,Past,Clothing,43.64
748,Including,Health & Personal Care,71.39
749,Five,Electronics,76.73
750,Kid,Electronics,490.65
751,Common,Health & Personal Care,48.14
752,Put,Electronics,17.13
753,Center,Health & Personal Care,443.7
754,For,Books,145.87
755,General,Books,117.23
756,Science,Health & Personal Care,408.53
757,Production,Books,390.7
758,Happen,Home & Kitchen,366.24
759,Staff,Electronics,294.19
760,Let,Health & Personal Care,299.11
761,Compare,Health & Personal Care,159.0
762,Safe,Electronics,331.04
763,Manager,Clothing,194.12
764,Program,Electronics,276.34
765,Behind,Home & Kitchen,324.97
766,Project,Books,490.96
767,Two,Home & Kitchen,479.5
768,Enter,Books,446.01
769,Camera,Clothing,192.89
770,Condition,Electronics,350.65
771,Week,Books,27.36
772,Determine,Health & Personal Care,255.64
773,Lose,Clothing,43.07
774,Everyone,Books,405.58
775,Relate,Books,147.02
776,Sure,Electronics,7.13
777,Rather,Health & Personal Care,484.08
778,Generation,Home & Kitchen,160.5
779,Military,Clothing,315.27
780,Station,Health & Personal Care,428.14
781,Our,Clothing,447.71
782,Must,Clothing,91.01
783,Lot,Home & Kitchen,196.18
784,Meeting,Books,381.57
785,Party,Electronics,24.81
786,Provide,Health & Personal Care,155.54
787,Step,Home & Kitchen,225.95
788,Where,Electronics,316.18
789,Job,Electronics,100.3
790,Her,Home & Kitchen,268.29
791,Executive,Home & Kitchen,495.17
792,Little,Health & Personal Care,216.83
793,Order,Books,209.56
794,Responsibility,Home & Kitchen,57.02
795,Your,Electronics,297.91
796,Set,Home & Kitchen,386.03
797,Already,Books,425.51
798,Even,Home & Kitchen,269.27
799,Modern,Electronics,253.63
800,Still,Electronics,466.89
801,Up,Health & Personal Care,19.35
802,Involve,Home & Kitchen,424.22
803,General,Clothing,182.25
804,Age,Books,99.05
805,Fact,Home & Kitchen,66.26
806,Than,Clothing,68.52
807,Nothing,Health & Personal Care,367.06
808,Dinner,Home & Kitchen,474.15
809,Whole,Clothing,294.33
810,Without,Health & Personal Care,437.52
811,Tax,Clothing,28.86
812,Democratic,Clothing,18.32
813,Rise,Home & Kitchen,156.69
814,Blood,Electronics,228.27
815,Customer,Home & Kitchen,360.03
816,They,Clothing,51.87
817,When,Health & Personal Care,452.34
818,Design,Books,303.4
819,Together,Clothing,204.11
820,Relationship,Clothing,100.54
821,Special,Books,61.63
822,Their,Clothing,68.04
823,Simple,Books,417.37
824,Individual,Books,275.8
825,Law,Books,85.02
826,Collection,Electronics,288.21
827,Edge,Health & Personal Care,394.87
828,Threat,Clothing,35.53
829,Opportunity,Home & Kitchen,74.5
830,Team,Books,457.41
831,Collection,Books,340.92
832,Fish,Clothing,245.83
833,Believe,Health & Personal Care,56.68
834,Realize,Electronics,118.59
835,Treat,Clothing,139.82
836,Anything,Electronics,102.97
837,Role,Health & Personal Care,479.22
838,Both,Electronics,398.31
839,On,Home & Kitchen,366.04
840,Alone,Electronics,204.83
841,Yourself,Books,211.94
842,Difference,Electronics,313.9
843,Rise,Clothing,157.55
844,Continue,Health & Personal Care,333.63
845,Man,Health & Personal Care,93.44
846,During,Books,48.01
847,White,Health & Personal Care,317.1
848,Production,Electronics,450.62
849,Place,Books,92.6
850,Growth,Electronics,190.66
851,Century,Home & Kitchen,59.28
852,Early,Clothing,481.53
853,Player,Clothing,275.85
854,Book,Electronics,428.77
855,Staff,Health & Personal Care,296.9
856,Public,Electronics,307.74
857,Challenge,Electronics,388.29
858,Notice,Electronics,250.67
859,Writer,Health & Personal Care,93.85
860,Commercial,Books,355.45
861,Situation,Electronics,499.71
862,Executive,Health & Personal Care,494.93
863,Service,Health & Personal Care,249.53
864,Situation,Health & Personal Care,167.63
865,Certain,Clothing,207.02
866,So,Electronics,245.46
867,Lot,Health & Personal Care,156.01
868,Store,Clothing,348.4
869,Voice,Home & Kitchen,272.25
870,Statement,Electronics,5.14
871,Wall,Books,384.94
872,Policy,Clothing,316.63
873,Debate,Health & Personal Care,217.95
874,Guess,Home & Kitchen,389.62
875,Detail,Home & Kitchen,311.93
876,Herself,Electronics,85.3
877,Base,Health & Personal Care,252.99
878,Road,Health & Personal Care,176.93
879,Care,Books,74.82
880,Threat,Electronics,136.02
881,Close,Home & Kitchen,397.74
882,Country,Clothing,106.06
883,Office,Clothing,443.32
884,Stay,Electronics,151.69
885,Father,Electronics,414.5
886,Thus,Home & Kitchen,348.47
887,Beyond,Electronics,36.12
888,Tv,Books,197.21
889,President,Books,410.22
890,Everyone,Electronics,440.57
891,Her,Books,21.15
892,Beyond,Health & Personal Care,339.56
893,Return,Health & Personal Care,473.97
894,Performance,Books,81.07
895,His,Health & Personal Care,425.04
896,Nothing,Electronics,106.3
897,Hotel,Health & Personal Care,162.03
898,Of,Electronics,486.66
899,Decide,Home & Kitchen,434.54
900,Actually,Home & Kitchen,117.79
901,Force,Home & Kitchen,353.82
902,Condition,Health & Personal Care,268.58
903,Firm,Books,39.01
904,Manage,Electronics,107.05
905,Dog,Electronics,247.6
906,Meeting,Electronics,237.71
907,Give,Electronics,282.67
908,Decision,Home & Kitchen,416.79
909,Them,Home & Kitchen,134.11
910,Smile,Clothing,12.92
911,Nor,Books,299.34
912,Out,Clothing,149.92
913,Bar,Clothing,436.02
914,Hour,Books,307.74
915,Their,Health & Personal Care,415.89
916,Arm,Books,199.19
917,Teach,Books,82.65
918,Dream,Clothing,270.78
919,Firm,Clothing,382.64
920,Hour,Books,139.07
921,Rock,Electronics,31.86
922,Issue,Clothing,123.53
923,Close,Clothing,310.08
924,Cause,Health & Personal Care,123.41
925,Alone,Clothing,284.23
926,Responsibility,Electronics,88.97
927,Nothing,Electronics,78.56
928,Coach,Books,384.02
929,Support,Books,69.58
930,Weight,Clothing,129.72
931,Red,Health & Personal Care,142.76
932,Leave,Books,324.85
933,Relationship,Books,183.43
934,Task,Health & Personal Care,219.57
935,Concern,Health & Personal Care,370.29
936,Kid,Electronics,338.99
937,Trip,Home & Kitchen,464.9
938,Eat,Health & Personal Care,52.75
939,Sense,Books,456.94
940,Entire,Home & Kitchen,116.12
941,Throw,Health & Personal Care,287.9
942,Cell,Books,52.09
943,Try,Clothing,219.92
944,Evidence,Electronics,275.32
945,Although,Clothing,291.72
946,Issue,Electronics,317.14
947,Ahead,Health & Personal Care,391.6
948,Tend,Electronics,204.06
949,Ten,Health & Personal Care,225.47
950,Minute,Electronics,93.27
951,Little,Electronics,201.26
952,Crime,Health & Personal Care,264.95
953,Less,Electronics,409.61
954,Present,Home & Kitchen,400.85
955,Within,Health & Personal Care,143.27
956,Congress,Health & Personal Care,386.95
957,Season,Clothing,74.8
958,Until,Clothing,115.16
959,City,Books,335.31
960,Article,Electronics,132.2
961,List,Health & Personal Care,211.25
962,Series,Home & Kitchen,453.8
963,Machine,Health & Personal Care,46.53
964,Hope,Clothing,387.03
965,School,Electronics,9.81
966,Chance,Clothing,159.3
967,Ten,Health & Personal Care,393.39
968,Reason,Clothing,412.66
969,Man,Health & Personal Care,21.02
970,Help,Electronics,231.32
971,Nice,Electronics,354.04
972,Box,Books,199.99
973,Total,Home & Kitchen,409.4
974,Side,Electronics,486.33
975,Time,Health & Personal Care,217.18
976,Step,Books,436.95
977,Fire,Clothing,274.51
978,Scientist,Health & Personal Care,98.75
979,Wide,Electronics,116.46
980,Me,Books,436.46
981,Who,Electronics,492.9
982,One,Home & Kitchen,430.56
983,Another,Health & Personal Care,205.41
984,Mother,Electronics,102.74
985,Range,Home & Kitchen,315.16
986,Possible,Health & Personal Care,212.12
987,Whatever,Home & Kitchen,27.0
988,Big,Books,297.71
989,Brother,Books,477.03
990,Mother,Health & Personal Care,278.96
991,Could,Books,281.89
992,Wall,Home & Kitchen,25.57
993,Television,Books,390.99
994,By,Clothing,62.75
995,Role,Books,217.16
996,Challenge,Books,88.46
997,Break,Health & Personal Care,341.71
998,Church,Clothing,372.59
999,Last,Health & Personal Care,489.83
1000,During,Electronics,276.09
